recall_id,clause_id,segment_ids,fan_out,reciprocal,percentage,including_other_clauses_percentage,including_other_clauses,only_secondary,totally_missed,max_clause_id,clause_position,clause_text,proc,segment_text
68,21,[21],1,[],0.0,0.0,[],set(),{21},29,0.7241379310344828,"Maria's mother also told that Maria was fine after operation,",0.00%,"See, here, she never – I don’t know if they knew or what,"
68,25,[25],1,[],0.0,0.0,[],set(),{25},29,0.8620689655172413,"Maria's mother still doesn't understand how her daughter passed out,",15.31%,I didn’t have a phone then.
92,31,[31],1,[],0.0,0.0,[],set(),{31},58,0.5344827586206896,"and immediately,",11.22%,"And Rita was – I was cooking,"
53,1,[1],1,[],0.0,0.0,[],set(),{1},35,0.0285714285714285,The story was told by a woman,95.92%,My daughter died.
53,31,[31],1,[],0.0,0.0,[],set(),{31},35,0.8857142857142857,and had known the nurses,11.22%,"And Rita was – I was cooking,"
0,1,[1],1,[],0.0,0.0,[],set(),{1},72,0.0138888888888888,"My daughter died,",95.92%,My daughter died.
98,1,[1],1,[],0.0,0.0,[],set(),{1},90,0.0111111111111111,My daughter died.,95.92%,My daughter died.
98,3,[3],1,[],0.0,0.0,[],set(),{3},90,0.0333333333333333,"She was in hospital, getting operated on for appendicitis.",14.29%,"The thirtieth of this month, yeah."
95,1,[1],1,[],0.0,0.0,[],set(),{1},47,0.0212765957446808,My daughter died,95.92%,My daughter died.
95,3,[3],1,[],0.0,0.0,[],set(),{3},47,0.0638297872340425,on the 30th day of the month,14.29%,"The thirtieth of this month, yeah."
95,4,[4],1,[],0.0,0.0,[],set(),{4},47,0.0851063829787234,at the Methodist hospital.,55.10%,She died at Methodist Hospital.
95,5,[5],1,[],0.0,0.0,[],set(),{5},47,0.1063829787234042,She had gone for an operation,65.31%,She had an operation for appendicitis.
95,7,[7],1,[],0.0,0.0,[],set(),{7},47,0.1489361702127659,I sent my other daughter Victoria in,25.51%,"Sunday morning, my oldest daughter, Victoria, went to the hospital to see how she was."
95,10,[10],1,[],0.0,0.0,[],set(),{10},47,0.2127659574468085,she noticed a chair in the room.,19.39%,There was a chair there.
21,5,[5],1,[],0.0,0.0,[],set(),{5},8,0.625,for appendicitis.,65.31%,She had an operation for appendicitis.
13,1,[1],1,[],0.0,0.0,[],set(),{1},58,0.0172413793103448,The story was about a girl named Marie,95.92%,My daughter died.
13,18,[18],1,[],0.0,0.0,[],set(),{18},58,0.3103448275862069,and the doctors checked up on her.,12.24%,"So, they went to get her out of bed,"
13,26,[26],1,[],0.0,0.0,[],set(),{26},58,0.4482758620689655,from the hospital,12.24%,"The lady from the store who had a phone called me, “Mrs. Costa,” at aquarter to five at night."
13,28,[28],1,[],0.0,0.0,[],set(),{28},58,0.4827586206896552,and she could come pick her up,11.22%,Go Pick Marie up.
19,1,[1],1,[],0.0,0.0,[],set(),{1},28,0.0357142857142857,"The story was about the death of a woman's daughter, Marie.",95.92%,My daughter died.
19,5,[5],1,[],0.0,0.0,[],set(),{5},28,0.1785714285714285,The daughter that died had been in the hospital for appendicitis.,65.31%,She had an operation for appendicitis.
61,1,[1],1,[],0.0,0.0,[],set(),{1},48,0.0208333333333333,My daughter died.,95.92%,My daughter died.
61,2,[2],1,[],0.0,0.0,[],set(),{2},48,0.0416666666666666,She'd be twenty-eight years this month.,45.92%,It’ll be twenty-eight years this month.
61,3,[3],1,[],0.0,0.0,[],set(),{3},48,0.0625,The thirtieth of this month yeah.,14.29%,"The thirtieth of this month, yeah."
61,4,[4],1,[],0.0,0.0,[],set(),{4},48,0.0833333333333333,She died at Methodist Hospital.,55.10%,She died at Methodist Hospital.
61,5,[5],1,[],0.0,0.0,[],set(),{5},48,0.1041666666666666,She had an operation for appendicitis.,65.31%,She had an operation for appendicitis.
61,6,[6],1,[],0.0,0.0,[],set(),{6},48,0.125,"It was Saturday afternoon when they operated, very late.",7.14%,"It was late Saturday afternoon when they operated, very late."
61,7,[7],1,[],0.0,0.0,[],set(),{7},48,0.1458333333333333,"Sunday morning, my oldest daughter, Victoria, went to the hospital to see how she was.",25.51%,"Sunday morning, my oldest daughter, Victoria, went to the hospital to see how she was."
61,8,[8],1,[],0.0,0.0,[],set(),{8},48,0.1666666666666666,She was still under ether.,22.45%,She was still under ether.
61,9,[9],1,[],0.0,0.0,[],set(),{9},48,0.1875,"Back then, they used a lot of ether.",11.22%,"Back then, they used a lot of ether."
61,10,[10],1,[],0.0,0.0,[],set(),{10},48,0.2083333333333333,There was a chair there.,19.39%,There was a chair there.
61,11,[11],1,[],0.0,0.0,[],set(),{11},48,0.2291666666666666,They were just starting to get people out.,6.12%,"They were just starting to get people out of bed, you know."
61,31,[31],1,[],0.0,0.0,[],set(),{31},48,0.6458333333333334,"I was going,",11.22%,"And Rita was – I was cooking,"
61,32,[32],1,[],0.0,0.0,[],set(),{32},48,0.6666666666666666,"I said ""Rita, Finish the cooking.",9.18%,"I said, “Rita, finish the cooking.”"
61,33,[33],1,[],0.0,0.0,[],set(),{33},48,0.6875,"Daddy will be home soon"".",6.12%,Daddy will be home soon.”
61,34,[34],1,[],0.0,0.0,[],set(),{34},48,0.7083333333333334,He was working down in the yard.,8.16%,He was working down in the yard.
61,35,[35],1,[],0.0,0.0,[],set(),{35},48,0.7291666666666666,"I said, ""And put a big pot of coffee on""",16.33%,"I said, “And put a big pot of coffee on,” because she had been wishing for coffee."
61,36,[36],1,[],0.0,0.0,[],set(),{36},48,0.75,because she had been wishing for coffee.,4.08%,"And you know, every morning, that first cup of coffee, I offered it to her."
14,1,[1],1,[],0.0,0.0,[],set(),{1},29,0.0344827586206896,"Her daughter died in the hospital,",95.92%,My daughter died.
8,1,[1],1,[],0.0,0.0,[],set(),{1},35,0.0285714285714285,"My daughter died,",95.92%,My daughter died.
8,32,[32],1,[],0.0,0.0,[],set(),{32},35,0.9142857142857144,and when she told the Dad,9.18%,"I said, “Rita, finish the cooking.”"
51,1,[1],1,[],0.0,0.0,[],set(),{1},43,0.0232558139534883,"Mrs Costa's daughter, Marie, was in the hospital getting treated for an illness.",95.92%,My daughter died.
60,1,[1],1,[],0.0,0.0,[],set(),{1},18,0.0555555555555555,Mother telling a story,95.92%,My daughter died.
60,4,[4],1,[],0.0,0.0,[],set(),{4},18,0.2222222222222222,in hospital,55.10%,She died at Methodist Hospital.
101,1,[1],1,[],0.0,0.0,[],set(),{1},30,0.0333333333333333,A mother was recalling events,95.92%,My daughter died.
15,1,[1],1,[],0.0,0.0,[],set(),{1},52,0.0192307692307692,"A woman recounts the passing of her daughter, Marie.",95.92%,My daughter died.
15,2,[2],1,[],0.0,0.0,[],set(),{2},52,0.0384615384615384,She talks about how it happened 28 years ago.,45.92%,It’ll be twenty-eight years this month.
15,4,[4],1,[],0.0,0.0,[],set(),{4},52,0.0769230769230769,Marie was in hospital.,55.10%,She died at Methodist Hospital.
15,5,[5],1,[],0.0,0.0,[],set(),{5},52,0.0961538461538461,She was having an operation to treat appendicitis.,65.31%,She had an operation for appendicitis.
67,31,[31],1,[],0.0,0.0,[],set(),{31},33,0.9393939393939394,and in the end,11.22%,"And Rita was – I was cooking,"
6,23,[23],1,[],0.0,0.0,[],set(),{23},24,0.9583333333333334,Everyone’s family member was in shock,8.16%,"So, when she was walking around to come home after ten days,"
55,5,[5],1,[],0.0,0.0,[],set(),{5},60,0.0833333333333333,She had just had an operation.,65.31%,She had an operation for appendicitis.
94,5,[5],1,[],0.0,0.0,[],set(),{5},13,0.3846153846153846,"Marie died in hospital from appendicitis,",65.31%,She had an operation for appendicitis.
11,31,[31],1,[],0.0,0.0,[],set(),{31},52,0.5961538461538461,It turned out,11.22%,"And Rita was – I was cooking,"
64,1,[1],1,[],0.0,0.0,[],set(),{1},77,0.0129870129870129,My daughter died.,95.92%,My daughter died.
1,1,[1],1,[],0.0,0.0,[],set(),{1},15,0.0666666666666666,The story was about a mother's reaction,95.92%,My daughter died.
99,1,[1],1,[],0.0,0.0,[],set(),{1},27,0.037037037037037,"The daughter died,",95.92%,My daughter died.
52,1,[1],1,[],0.0,0.0,[],set(),{1},22,0.0454545454545454,Mrs Mary Costas tells the story,95.92%,My daughter died.
16,1,[1],1,[],0.0,0.0,[],set(),{1},24,0.0416666666666666,There was a lady,95.92%,My daughter died.
63,14,[14],1,[],0.0,0.0,[],set(),{14},21,0.6666666666666666,they were all sad.,16.33%,"The nurse said, “Well, we’ve got to get her out of bed.”"
63,17,[17],1,[],0.0,0.0,[],set(),{17},21,0.8095238095238095,It was all so sad and terrible.,10.20%,"But the nurse said, “Well, that’s the doctor’s orders.”"
35,7,[7],1,[],0.0,0.0,[],set(),{7},42,0.1666666666666666,"Her sister, Victoria, often went to visit her.",25.51%,"Sunday morning, my oldest daughter, Victoria, went to the hospital to see how she was."
35,31,[31],1,[],0.0,0.0,[],set(),{31},42,0.7380952380952381,I was pulling my hair out,11.22%,"And Rita was – I was cooking,"
71,21,[21],1,[],0.0,0.0,[],set(),{21},41,0.5121951219512195,because of the nurses running around,0.00%,"See, here, she never – I don’t know if they knew or what,"
71,27,[27],1,[],0.0,0.0,[],set(),{27},41,0.6585365853658537,She was so devastated,10.20%,"“Mrs. Costa, they just called you from the hospital."
47,1,[1],1,[],0.0,0.0,[],set(),{1},32,0.03125,"Mrs. Costa's daughter Marie passed away,",95.92%,My daughter died.
47,31,[31],1,[],0.0,0.0,[],set(),{31},32,0.96875,"Now, even when Mrs Costa goes to the store,",11.22%,"And Rita was – I was cooking,"
32,1,[1],1,[],0.0,0.0,[],set(),{1},36,0.0277777777777777,Mrs Costa’s daughter had died.,95.92%,My daughter died.
38,1,[1],1,[],0.0,0.0,[],set(),{1},23,0.0434782608695652,A mother (Mary) lost her daughter (Marie).,95.92%,My daughter died.
85,1,[1],1,[],0.0,0.0,[],set(),{1},43,0.0232558139534883,"So Miss Costa had a daughter named Marie,",95.92%,My daughter died.
44,1,[1],1,[],0.0,0.0,[],set(),{1},42,0.0238095238095238,A woman recalls the death of her daughter,95.92%,My daughter died.
44,4,[4],1,[],0.0,0.0,[],set(),{4},42,0.0952380952380952,at Methodist Hospital.,55.10%,She died at Methodist Hospital.
75,20,[20],1,[],0.0,0.0,[],set(),{20},21,0.9523809523809524,The news was devastating.,11.22%,and they had to put her back in bed.
49,9,[9],1,[],0.0,0.0,[],set(),{9},43,0.2093023255813953,They used a lot of Ether back then.,11.22%,"Back then, they used a lot of ether."
82,1,[1],1,[],0.0,0.0,[],set(),{1},25,0.04,My daughter died,95.92%,My daughter died.
72,7,[7],1,[],0.0,0.0,[],set(),{7},41,0.1707317073170731,"When she got to the hospital,",25.51%,"Sunday morning, my oldest daughter, Victoria, went to the hospital to see how she was."
78,1,[1],1,[],0.0,0.0,[],set(),{1},38,0.0263157894736842,Mrs. Costa had a daughter,95.92%,My daughter died.
73,1,[1],1,[],0.0,0.0,[],set(),{1},39,0.0256410256410256,The story centers on a grieving mother,95.92%,My daughter died.
73,4,[4],1,[],0.0,0.0,[],set(),{4},39,0.1025641025641025,at a Methodist hospital.,55.10%,She died at Methodist Hospital.
73,7,[7],1,[],0.0,0.0,[],set(),{7},39,0.1794871794871795,in the hospital.,25.51%,"Sunday morning, my oldest daughter, Victoria, went to the hospital to see how she was."
73,9,[9],1,[],0.0,0.0,[],set(),{9},39,0.2307692307692307,Victoria witnesses the frantic activity,11.22%,"Back then, they used a lot of ether."
73,11,[11],1,[],0.0,0.0,[],set(),{11},39,0.282051282051282,out of their beds.,6.12%,"They were just starting to get people out of bed, you know."
73,13,[13],1,[],0.0,0.0,[],set(),{13},39,0.3333333333333333,"and asks a nurse about it,",12.24%,"and she said to the nurse, “What’s this chair doing here?”"
73,14,[14],1,[],0.0,0.0,[],set(),{14},39,0.358974358974359,only to learn that it is needed,16.33%,"The nurse said, “Well, we’ve got to get her out of bed.”"
73,15,[15],1,[],0.0,0.0,[],set(),{15},39,0.3846153846153846,to transfer patients.,10.20%,"She said, “What are you talking about? She’s still under ether.”"
37,10,[10],1,[],0.0,0.0,[],set(),{10},49,0.2040816326530612,I saw a chair by her bed.,19.39%,There was a chair there.
83,5,[5],1,[],0.0,0.0,[],set(),{5},14,0.3571428571428571,she had appendicitis,65.31%,She had an operation for appendicitis.
48,1,[1],1,[],0.0,0.0,[],set(),{1},30,0.0333333333333333,"My daughter Marie was sick,",95.92%,My daughter died.
89,28,[28],1,[],0.0,0.0,[],set(),{28},43,0.6511627906976745,She was like in shock.,11.22%,Go Pick Marie up.
74,5,[5],1,[],0.0,0.0,[],set(),{5},47,0.1063829787234042,She had her operation,65.31%,She had an operation for appendicitis.
77,1,[1],1,[],0.0,0.0,[],set(),{1},23,0.0434782608695652,"The story is about the death of Marie,",95.92%,My daughter died.
46,4,[4],1,[],0.0,0.0,[],set(),{4},33,0.1212121212121212,The daughter was in the hospital,55.10%,She died at Methodist Hospital.
46,31,[31],1,[],0.0,0.0,[],set(),{31},33,0.9393939393939394,and so did her son.,11.22%,"And Rita was – I was cooking,"
70,1,[1],1,[],0.0,0.0,[],set(),{1},15,0.0666666666666666,"My daughter died,",95.92%,My daughter died.
70,2,[2],1,[],0.0,0.0,[],set(),{2},15,0.1333333333333333,"It'll be 28 years this month,",45.92%,It’ll be twenty-eight years this month.
70,3,[3],1,[],0.0,0.0,[],set(),{3},15,0.2,the 30th of the month.,14.29%,"The thirtieth of this month, yeah."
80,23,[23],1,[],0.0,0.0,[],set(),{23},37,0.6216216216216216,Her life was shattered.,8.16%,"So, when she was walking around to come home after ten days,"
80,31,[31],1,[],0.0,0.0,[],set(),{31},37,0.8378378378378378,let them know.,11.22%,"And Rita was – I was cooking,"
80,33,[33],1,[],0.0,0.0,[],set(),{33},37,0.8918918918918919,"her sister's husband,",6.12%,Daddy will be home soon.”
80,34,[34],1,[],0.0,0.0,[],set(),{34},37,0.918918918918919,and described the whole situation.,8.16%,He was working down in the yard.
